FileName, CommitSha
Parsers/Sample/ASimDnsMicrosoftOMS.json,9318295d5790820d3861193aa4dc4a9493c40943
workbooks/sample/TrendMicroDeepSecurityAttackActivity_ARM.json,3af59a0e00935c448b6322cf5ac9faa445d444c4
Parsers/Sample/NetworkSessionCheckPoint.json,c9e15233abf15375b553d069151c81965c492153
Workbooks/Sample/ForcepointCloudSecuirtyGatewayworkbook_ARM.json,c3fd4900b9ad84e3c0686c80f924565e11c46010
Detections/Sample/imProcess_NOBELIUM_SuspiciousRundll32Exec.json,0ac47f62be8d0fe9152367ac42415cb52bd14ae4
Parsers/Sample/FileEventMicrosoftSysmonFileCreated.json,a27fe8d001f356462492894be2280bfba30f7884
Playbooks/CarbonBlack/CarbonBlackConnector/azuredeploy.json,d04782471048d3112f29f956f4e4b4a86279ca89
Detections/Sample/PasswordSpray.json,9190e34e9b54db53303efe49488cf5cf8c245b1c
Hunting/Sample/imProcess_Certutil-LOLBins.json,7b52d417c205c0630de7f4724851c31fe0ef987f
Hunting/Sample/NewBotAddedToTeams.json,41f0b5c52c2be62be0db85c719ce1097ee436359
Hunting/Sample/SQL-MultipleFailedLogon_InShortSpan.json,c6c82b52feb50d692d61bcb5f4d08a83df51f5c9
Workbooks/Sample/CyberArkEPV_ARM.json,ac044f4db0b697503401272b4e1ed7a4ee6d5dcb
Workbooks/Sample/AzureActiveDirectorySignins_ARM.json,cbe819b3555f64d43379137c21a3fd93293a37c0
Hunting/Sample/Unusual Number of Repository Clones.json,a7fd6e5af17a6a6bb996853436acdccc0be46e07
Workbooks/Sample/M365SecurityPosture_ARM.json,2e53456c9523391b6f8c1aaa36dbfcf1aa07a91d
Parsers/Sample/ProcessEventMicrosoftSysmonTerminate.json,44eaf22673fb6a2e0c4173de94ae60d7d9a82923
sentinel-deployment.config,d0176f11505175ced27cc0d3ede6f708fe7e120e
AutomationRules/SampleAutomationRule.json,38afd7cd8dab689e2fce7fb15f79201494658a6d
Playbooks/PaloAlto-PAN-OS/PaloAltoCustomConnector/azuredeploy.json,5b889d2a3eabb78e179651a6ea751129ab114763
Workbooks/Sample/ProofpointTAP_ARM.json,7d2a08187260c6801a87be996b6015da07816255
Hunting/Sample/ProofpointPODLargeOutboundEmails.json,54e4ec40318f2679453051a79fb0e808fb4cec72
parsers/Sample/ASimAuthenticationAWSCloudTrail.json,85d2a90b46d8671dc66122ddc48753ebb007a32d
Workbooks/Sample/ZscalerThreats_ARM.json,f06afd158bc092bbca88d7c1c828733bd29c7f46
Detections/Sample/MalformedUserAgents.json,ee6bc4e38e526f390b1936c568cf54dba43c2e9f

